{"background":"23.webp","icons":[{"x":0.32682611802810063,"y":0.17338173439018872,"sound":"033.mp3"},{"x":0.43186601365040017,"y":0.13818989350583252,"sound":"032.mp3"},{"x":0.3878628141329504,"y":0.3482198843643572,"sound":"034 03.mp3"}],"backgroundSize":{"width":704.4942263279446,"height":945}}