{"background":"33.webp","icons":[{"x":0.39921847852455034,"y":0.347402175180931,"sound":"050.mp3"},{"x":0.43470492974830016,"y":0.13902904555239723,"sound":"048.mp3"},{"x":0.3296650341260006,"y":0.17620573624402697,"sound":"049.mp3"}],"backgroundSize":{"width":704.4942263279446,"height":945}}