{"background":"39.webp","icons":[{"x":0.43328547169935017,"y":0.14155304092532067,"sound":"058.mp3"},{"x":0.39212118827980036,"y":0.3428149240200024,"sound":"060.mp3"},{"x":0.3296650341260006,"y":0.175624811915509,"sound":"059.mp3"}],"backgroundSize":{"width":704.4942263279446,"height":945}}