{"background":"47.webp","icons":[{"x":0.4460605941399001,"y":0.06750801202596177,"sound":"072"},{"x":0.32682611802810063,"y":0.2816397856617239,"sound":"073"}],"backgroundSize":{"width":704.4942263279446,"height":945}}