{
  "background": "5.webp",
  "icons": [
    {
      "x": 0.3779266077903004,
      "y": 0.3470666587416177,
      "sound": ""
    },
    {
      "x": 0.4261881814546002,
      "y": 0.13812009066060243,
      "sound": ""
    }
  ],
  "backgroundSize": {
    "width": 704.4942263279446,
    "height": 945
  }
}