{"background":"55.webp","icons":[{"x":0.39070173023085036,"y":0.386527061628837,"sound":"085"},{"x":0.32682611802810063,"y":0.18878927049791788,"sound":"084"},{"x":0.4304465556014502,"y":0.1411664395627212,"sound":"083"}],"backgroundSize":{"width":704.4942263279446,"height":945}}