{"background":"6.webp","icons":[{"x":0.3055342472938507,"y":0.36966293793133875,"sound":"003"},{"x":0.4261881814546002,"y":0.06460965490257604,"sound":"002.mp3"}],"backgroundSize":{"width":704.4942263279446,"height":945}}