{"background":"67.webp","icons":[{"x":0.33108449217495056,"y":0.17421776522089383,"sound":"105"},{"x":0.39496010437770035,"y":0.3482413514752007,"sound":"106"},{"x":0.43470492974830016,"y":0.14019885634857368,"sound":"104"}],"backgroundSize":{"width":704.4942263279446,"height":945}}