{"background":"77.webp","icons":[{"x":0.31830936973440066,"y":0.17704911829318407,"sound":"121"},{"x":0.3850238980350504,"y":0.3724481716777841,"sound":"122"},{"x":0.4233492653567002,"y":0.140489791916109,"sound":"120"}],"backgroundSize":{"width":704.4942263279446,"height":945}}