{"background":"79.webp","icons":[{"x":0.43328547169935017,"y":0.06644776803135902,"sound":"125"},{"x":0.3126315375386007,"y":0.2446752660432813,"sound":"126"}],"backgroundSize":{"width":704.4942263279446,"height":945}}