{"background":"83.webp","icons":[{"x":0.39637956242665034,"y":0.342568863525408,"sound":"133"},{"x":0.4261881814546002,"y":0.1362685917453154,"sound":"131"},{"x":0.32398720193020064,"y":0.1744165248851245,"sound":"133"}],"backgroundSize":{"width":704.4942263279446,"height":945}}