{"background":"85.webp","icons":[{"x":0.44038276194410014,"y":0.06450956868067947,"sound":"135"}],"backgroundSize":{"width":704.4942263279446,"height":945}}