{"background":"89.webp","icons":[{"x":0.33250395022390056,"y":0.18761122344102824,"sound":"142"},{"x":0.40063793657350033,"y":0.3927141710764566,"sound":"143"},{"x":0.43754384584620015,"y":0.13836077698125787,"sound":"141"}],"backgroundSize":{"width":704.4942263279446,"height":945}}