{"background":"9.webp","icons":[{"x":0.4226395363322253,"y":0.059938650986763965,"sound":"008 03"},{"x":0.32185801485677573,"y":0.5904728938764684,"sound":"009 02"}],"backgroundSize":{"width":704.4942263279446,"height":945}}