{"background":"91.webp","icons":[{"x":0.4290270975525002,"y":0.0643738818751104,"sound":"145"},{"x":0.3055342472938507,"y":0.2318157799177635,"sound":"146"}],"backgroundSize":{"width":704.4942263279446,"height":945}}