{"background":"12.webp","icons":[{"x":0.48178323412698404,"y":0.19714728784502364,"sound":"ocpd_05_my_day_activity"}],"backgroundSize":{"width":713.6283185840708,"height":945}}