{"background":"13.webp","icons":[{"x":0.4579613095238094,"y":0.05323194392967972,"sound":"ocpd_06_clothes"}],"backgroundSize":{"width":713.6283185840708,"height":945}}