{"background":"14.webp","icons":[{"x":0.1650917658730158,"y":0.8712213619190977,"sound":"ocpd_06_clothes_activity"}],"backgroundSize":{"width":713.6283185840708,"height":945}}