{"background":"15.webp","icons":[{"x":0.1258556547619047,"y":0.11989861059634639,"sound":"ocpd_07_homes_and_people"}],"backgroundSize":{"width":713.6283185840708,"height":945}}