{"background":"16.webp","icons":[{"x":0.06139632936507931,"y":0.7770414677392036,"sound":"ocpd_07_homes_and_people_activity"}],"backgroundSize":{"width":713.6283185840708,"height":945}}