{"background":"17.webp","icons":[{"x":0.45095486111111105,"y":0.04794093863867443,"sound":"ocpd_08_the_hall"},{"x":0.3192336309523809,"y":0.8140899459841263,"sound":"ocpd_08_the_hall_activity"}],"backgroundSize":{"width":713.6283185840708,"height":945}}