{"background":"18.webp","icons":[{"x":0.658345734126984,"y":0.059581150278886066,"sound":"ocpd_09_the_living_room"},{"x":0.32063492063492055,"y":0.8017817763857987,"sound":"ocpd_09_the_living_room_activity"}],"backgroundSize":{"width":713.6283185840708,"height":945}}