{"background":"19.webp","icons":[{"x":0.5252232142857142,"y":0.05852294922068501,"sound":"ocpd_10_the_kitchen"},{"x":0.27999751984126975,"y":0.8120447645563513,"sound":"ocpd_10_the_kitchen_activity"}],"backgroundSize":{"width":713.6283185840708,"height":945}}