{"background":"22.webp","icons":[{"x":0.6205109126984126,"y":0.05534834604608183,"sound":"ocpd_13_the_bathroom"},{"x":0.3108258928571428,"y":0.8008991743951489,"sound":"ocpd_13_the_bathroom_activity"}],"backgroundSize":{"width":713.6283185840708,"height":945}}