{"background":"24.webp","icons":[{"x":0.49999999999999994,"y":0.17598326668100248,"sound":"ocpd_14_toys"},{"x":-0.011470734126984185,"y":0.8283915166447593,"sound":"ocpd_14_toys_activity"}],"backgroundSize":{"width":713.6283185840708,"height":945}}