{"background":"25.webp","icons":[{"x":0.4551587301587301,"y":0.040533531231267024,"sound":"ocpd_15_feelings"}],"backgroundSize":{"width":713.6283185840708,"height":945}}