{"background":"26.webp","icons":[{"x":-0.01427331349206355,"y":0.8373589280566639,"sound":"ocpd_15_feelings_activity"}],"backgroundSize":{"width":713.6283185840708,"height":945}}