{"background":"27.webp","icons":[{"x":0.49999999999999994,"y":0.17598326668100248,"sound":"ocpd_16_magic_friends"}],"backgroundSize":{"width":713.6283185840708,"height":945}}