{"background":"28.webp","icons":[{"x":-0.015674603174603233,"y":0.8468827375804734,"sound":"ocpd_16_magic_friends_activity"}],"backgroundSize":{"width":713.6283185840708,"height":945}}