{"background":"3.webp","icons":[{"x":0.5896825396825396,"y":0.05534834604608183,"sound":"ocpd_01_the_alphabet"}],"backgroundSize":{"width":713.6283185840708,"height":945}}