{"background":"4.webp","icons":[{"x":0.2673859126984126,"y":0.05852294922068501,"sound":"ocpd_01_the_alphabet"}],"backgroundSize":{"width":713.6283185840708,"height":945}}