{"background":"7.webp","icons":[{"x":0.5532490079365079,"y":0.048999139696875485,"sound":"ocpd_03_my_family"}],"backgroundSize":{"width":713.6283185840708,"height":945}}