{"background":"8.webp","icons":[{"x":0.07681051587301581,"y":0.7093166000143358,"sound":"ocpd_03_my_family_activity"}],"backgroundSize":{"width":713.6283185840708,"height":945}}