{
  "background": "10.png",
  "icons": [
    {
      "x": 0.42970600934175923,
      "y": 0.17461340366730385,
      "sound": "19"
    },
    {
      "x": 0.3306878971447013,
      "y": 0.20262292122275058,
      "sound": "20"
    }
  ],
  "backgroundSize": {
    "width": 554.8127177700349,
    "height": 730
  }
}