{
  "background": "11.png",
  "icons": [
    {
      "x": 0.3449927385484947,
      "y": 0.09105175983168742,
      "sound": "21"
    },
    {
      "x": 0.3144662069927996,
      "y": 0.36152703081179166,
      "sound": "22"
    }
  ],
  "backgroundSize": {
    "width": 554.8127177700349,
    "height": 730
  }
}