{
  "background": "12.png",
  "icons": [
    {
      "x": 0.5162216901519017,
      "y": 0.08968189681798878,
      "sound": "23"
    },
    {
      "x": 0.3342927171784572,
      "y": 0.45878730478439445,
      "sound": "24"
    }
  ],
  "backgroundSize": {
    "width": 554.8127177700349,
    "height": 730
  }
}