{
    "background": "13.webp",
    "icons": [
        {
            "x": 0.5162216901519017,
            "y": 0.09242162284538605,
            "sound": "25"
        },
        {
            "x": 0.3072565669252877,
            "y": 0.12317086642823004,
            "sound": "26"
        }
    ],
    "backgroundSize": {
        "width": 554.8127177700349,
        "height": 730
    }
}