{
  "background": "14.png",
  "icons": [
    {
      "x": 0.5162216901519017,
      "y": 0.09105175983168742,
      "sound": "27"
    },
    {
      "x": 0.3306878971447013,
      "y": 0.3108420993049424,
      "sound": "28"
    }
  ],
  "backgroundSize": {
    "width": 554.8127177700349,
    "height": 730
  }
}