{
    "background": "15.webp",
    "icons": [
        {
            "x": 0.35400478863288454,
            "y": 0.09105175983168742,
            "sound": "29"
        },
        {
            "x": 0.16666858560880618,
            "y": 0.18481470204466838,
            "sound": "29"
        }
    ],
    "backgroundSize": {
        "width": 554.8127177700349,
        "height": 730
    }
}