{
  "background": "16.png",
  "icons": [
    {
      "x": 0.4315084193586372,
      "y": 0.17598326668100248,
      "sound": "30"
    },
    {
      "x": 0.3342927171784572,
      "y": 0.20947223629124373,
      "sound": "31"
    }
  ],
  "backgroundSize": {
    "width": 554.8127177700349,
    "height": 730
  }
}