{
  "background": "18.png",
  "icons": [
    {
      "x": 0.5144192801350237,
      "y": 0.08968189681798878,
      "sound": "34"
    },
    {
      "x": 0.3324903071615793,
      "y": 0.48755442807206567,
      "sound": "35"
    }
  ],
  "backgroundSize": {
    "width": 554.8127177700349,
    "height": 730
  }
}