{
    "background": "19.webp",
    "icons": [
        {
            "x": 0.5180241001687796,
            "y": 0.08968189681798878,
            "sound": "36"
        },
        {
            "x": 0.3072565669252877,
            "y": 0.12317086642823004,
            "sound": "37"
        }
    ],
    "backgroundSize": {
        "width": 554.8127177700349,
        "height": 730
    }
}