{
    "background": "20.webp",
    "icons": [
        {
            "x": 0.5144192801350237,
            "y": 0.09105175983168742,
            "sound": "38"
        },
        {
            "x": 0.3342927171784572,
            "y": 0.3108420993049424,
            "sound": "39"
        }
    ],
    "backgroundSize": {
        "width": 554.8127177700349,
        "height": 730
    }
}