{
    "background": "21.webp",
    "icons": [
        {
            "x": 0.3522023786160066,
            "y": 0.08831203380429016,
            "sound": "40"
        },
        {
            "x": 0.16847099562568416,
            "y": 0.18344483903096975,
            "sound": "40"
        }
    ],
    "backgroundSize": {
        "width": 554.8127177700349,
        "height": 730
    }
}