{
    "background": "22.webp",
    "icons": [
        {
            "x": 0.4315084193586372,
            "y": 0.17461340366730385,
            "sound": "41"
        },
        {
            "x": 0.3324903071615793,
            "y": 0.20947223629124373,
            "sound": "42"
        }
    ],
    "backgroundSize": {
        "width": 554.8127177700349,
        "height": 730
    }
}