{
    "background": "23.webp",
    "icons": [
        {
            "x": 0.34319032853161674,
            "y": 0.09242162284538605,
            "sound": "43"
        },
        {
            "x": 0.3126637969759216,
            "y": 0.412211962318641,
            "sound": "44"
        }
    ],
    "backgroundSize": {
        "width": 554.8127177700349,
        "height": 730
    }
}