{
    "background": "24.webp",
    "icons": [
        {
            "x": 0.5180241001687796,
            "y": 0.08831203380429016,
            "sound": "45"
        },
        {
            "x": 0.3324903071615793,
            "y": 0.4670064828665862,
            "sound": "46"
        }
    ],
    "backgroundSize": {
        "width": 554.8127177700349,
        "height": 730
    }
}