{
  "background": "26.png",
  "icons": [
    {
      "x": 0.5144192801350237,
      "y": 0.09105175983168742,
      "sound": "49"
    },
    {
      "x": 0.3324903071615793,
      "y": 0.3026229212227506,
      "sound": "50"
    }
  ],
  "backgroundSize": {
    "width": 554.8127177700349,
    "height": 730
  }
}