{
    "background": "27.webp",
    "icons": [
        {
            "x": 0.3179565882953252,
            "y": 0.09105175983168742,
            "sound": "51"
        },
        {
            "x": 0.16666858560880618,
            "y": 0.18344483903096975,
            "sound": "51"
        }
    ],
    "backgroundSize": {
        "width": 554.8127177700349,
        "height": 730
    }
}