{
  "background": "28.png",
  "icons": [
    {
      "x": 0.38464575891981,
      "y": 0.14584628037963263,
      "sound": "52"
    },
    {
      "x": 0.3252806670940674,
      "y": 0.4341297705378191,
      "sound": "53"
    }
  ],
  "backgroundSize": {
    "width": 554.8127177700349,
    "height": 730
  }
}