{
  "background": "29.png",
  "icons": [
    {
      "x": 0.4621493896455627,
      "y": 0.1403668283248381,
      "sound": "54"
    },
    {
      "x": 0.46406623839367095,
      "y": 0.3368694965652163,
      "sound": "55"
    }
  ],
  "backgroundSize": {
    "width": 554.8127177700349,
    "height": 730
  }
}