{
  "background": "31.png",
  "icons": [
    {
      "x": 0.3467951485653727,
      "y": 0.09105175983168742,
      "sound": "58"
    },
    {
      "x": 0.3126637969759216,
      "y": 0.4450886746474081,
      "sound": "59"
    }
  ],
  "backgroundSize": {
    "width": 554.8127177700349,
    "height": 730
  }
}