{
    "background": "32.webp",
    "icons": [
        {
            "x": 0.5162216901519017,
            "y": 0.09105175983168742,
            "sound": "60"
        },
        {
            "x": 0.3324903071615793,
            "y": 0.47933524998987387,
            "sound": "61"
        }
    ],
    "backgroundSize": {
        "width": 554.8127177700349,
        "height": 730
    }
}