{
  "background": "33.png",
  "icons": [
    {
      "x": 0.5180241001687796,
      "y": 0.0855723077768929,
      "sound": "62"
    },
    {
      "x": 0.3054541569084097,
      "y": 0.12317086642823004,
      "sound": "63"
    }
  ],
  "backgroundSize": {
    "width": 554.8127177700349,
    "height": 730
  }
}