{
  "background": "34.png",
  "icons": [
    {
      "x": 0.5180241001687796,
      "y": 0.08968189681798878,
      "sound": "64"
    },
    {
      "x": 0.3342927171784572,
      "y": 0.475225660948778,
      "sound": "65"
    }
  ],
  "backgroundSize": {
    "width": 554.8127177700349,
    "height": 730
  }
}