{
    "background": "35.webp",
    "icons": [
        {
            "x": 0.3179565882953252,
            "y": 0.0855723077768929,
            "sound": "66"
        },
        {
            "x": 0.16666858560880618,
            "y": 0.17933524998987388,
            "sound": "66"
        }
    ],
    "backgroundSize": {
        "width": 554.8127177700349,
        "height": 730
    }
}