{
    "background": "38.webp",
    "icons": [
        {
            "x": 0.5162216901519017,
            "y": 0.08968189681798878,
            "sound": "71"
        },
        {
            "x": 0.3342927171784572,
            "y": 0.3587873047843944,
            "sound": "72"
        },
        {
            "x": 0.43293890349901665,
            "y": 0.3914975200741197,
            "sound": "73"
        }
    ],
    "backgroundSize": {
        "width": 554.8127177700349,
        "height": 730
    }
}