{
  "background": "39.png",
  "icons": [
    {
      "x": 0.5144192801350237,
      "y": 0.08968189681798878,
      "sound": "74"
    },
    {
      "x": 0.3072565669252877,
      "y": 0.12043114040083278,
      "sound": "75"
    }
  ],
  "backgroundSize": {
    "width": 554.8127177700349,
    "height": 730
  }
}