{
    "background": "4.webp",
    "icons": [
        {
            "x": 0.4315084193586372,
            "y": 0.1718736776399066,
            "sound": "03"
        },
        {
            "x": 0.3306878971447013,
            "y": 0.20673251026384648,
            "sound": "04"
        },
        {
            "x": 0.3157822524019487,
            "y": 0.3969769721289142,
            "sound": "05"
        }
    ],
    "backgroundSize": {
        "width": 554.8127177700349,
        "height": 730
    }
}