{
  "background": "40.png",
  "icons": [
    {
      "x": 0.5162216901519017,
      "y": 0.09242162284538605,
      "sound": "76"
    },
    {
      "x": 0.3342927171784572,
      "y": 0.3587873047843944,
      "sound": "77"
    },
    {
      "x": 0.4347413135158946,
      "y": 0.3914975200741197,
      "sound": "78"
    }
  ],
  "backgroundSize": {
    "width": 554.8127177700349,
    "height": 730
  }
}