{
  "background": "41.png",
  "icons": [
    {
      "x": 0.32156140832908114,
      "y": 0.08831203380429016,
      "sound": "79"
    },
    {
      "x": 0.1702734056425621,
      "y": 0.1807051130035725,
      "sound": "79"
    }
  ],
  "backgroundSize": {
    "width": 554.8127177700349,
    "height": 730
  }
}