{
  "background": "42.png",
  "icons": [
    {
      "x": 0.4315084193586372,
      "y": 0.17598326668100248,
      "sound": "80"
    },
    {
      "x": 0.3324903071615793,
      "y": 0.2081023732775451,
      "sound": "81"
    }
  ],
  "backgroundSize": {
    "width": 554.8127177700349,
    "height": 730
  }
}