{
    "background": "43.webp",
    "icons": [
        {
            "x": 0.3449927385484947,
            "y": 0.09379148585908469,
            "sound": "82"
        },
        {
            "x": 0.3144662069927996,
            "y": 0.45741744177069577,
            "sound": "83"
        }
    ],
    "backgroundSize": {
        "width": 554.8127177700349,
        "height": 730
    }
}