{
  "background": "45.png",
  "icons": [
    {
      "x": 0.5162216901519017,
      "y": 0.08831203380429016,
      "sound": "86"
    },
    {
      "x": 0.3072565669252877,
      "y": 0.1259105924556273,
      "sound": "87"
    },
    {
      "x": 0.3788666029926776,
      "y": 0.3997166981563115,
      "sound": "88"
    }
  ],
  "backgroundSize": {
    "width": 554.8127177700349,
    "height": 730
  }
}