{
  "background": "46.png",
  "icons": [
    {
      "x": 0.5126168701181458,
      "y": 0.09105175983168742,
      "sound": "89"
    },
    {
      "x": 0.3324903071615793,
      "y": 0.512211962318641,
      "sound": "90"
    },
    {
      "x": 0.6312040053555932,
      "y": 0.542182451580969,
      "sound": "91"
    }
  ],
  "backgroundSize": {
    "width": 554.8127177700349,
    "height": 730
  }
}