{
  "background": "47.png",
  "icons": [
    {
      "x": 0.3233638183459591,
      "y": 0.08694217079059154,
      "sound": "92"
    },
    {
      "x": 0.1702734056425621,
      "y": 0.1807051130035725,
      "sound": "92"
    }
  ],
  "backgroundSize": {
    "width": 554.8127177700349,
    "height": 730
  }
}