{
    "background": "49.webp",
    "icons": [
        {
            "x": 0.46395179966244066,
            "y": 0.14173669133853672,
            "sound": "95"
        }
    ],
    "backgroundSize": {
        "width": 554.8127177700349,
        "height": 730
    }
}