{
    "background": "5.webp",
    "icons": [
        {
            "x": 0.34319032853161674,
            "y": 0.09516134887278331,
            "sound": "06"
        },
        {
            "x": 0.31626861700967757,
            "y": 0.3807051130035725,
            "sound": "07"
        }
    ],
    "backgroundSize": {
        "width": 554.8127177700349,
        "height": 730
    }
}