{
    "background": "50.webp",
    "icons": [
        {
            "x": 0.42970600934175923,
            "y": 0.14858600640702987,
            "sound": "96"
        },
        {
            "x": 0.32708307711094536,
            "y": 0.3081023732775451,
            "sound": "97"
        }
    ],
    "backgroundSize": {
        "width": 554.8127177700349,
        "height": 730
    }
}