{
  "background": "53.png",
  "icons": [
    {
      "x": 0.43871805942614905,
      "y": 0.14858600640702987,
      "sound": "99"
    },
    {
      "x": 0.31987343704343346,
      "y": 0.33275990752412044,
      "sound": "100"
    }
  ],
  "backgroundSize": {
    "width": 554.8127177700349,
    "height": 730
  }
}