{
    "background": "54.webp",
    "icons": [
        {
            "x": 0.4333108293755152,
            "y": 0.14858600640702987,
            "sound": "101"
        },
        {
            "x": 0.40638911785357595,
            "y": 0.36152703081179166,
            "sound": "102"
        }
    ],
    "backgroundSize": {
        "width": 554.8127177700349,
        "height": 730
    }
}