{
    "background": "56.webp",
    "icons": [
        {
            "x": 0.4333108293755152,
            "y": 0.14858600640702987,
            "sound": "105"
        },
        {
            "x": 0.31807102702655554,
            "y": 0.3450886746474081,
            "sound": "106"
        }
    ],
    "backgroundSize": {
        "width": 554.8127177700349,
        "height": 730
    }
}