{
    "background": "57.png",
    "icons": [
        {
            "x": 0.5,
            "y": 0.17598326668100248,
            "sound": "107"
        },
        {
            "x": 0.39557465775230816,
            "y": 0.21084209930494235,
            "sound": "108"
        }
    ],
    "backgroundSize": {
        "width": 554.8127177700349,
        "height": 730
    }
}