{
  "background": "57.png",
  "icons": [
    {
      "x": 0.43511323939239316,
      "y": 0.14721614339333125,
      "sound": "107"
    },
    {
      "x": 0.4099939378873319,
      "y": 0.3656366198528876,
      "sound": "108"
    }
  ],
  "backgroundSize": {
    "width": 554.8127177700349,
    "height": 730
  }
}