{
  "background": "6.png",
  "icons": [
    {
      "x": 0.5180241001687796,
      "y": 0.09105175983168742,
      "sound": "08"
    },
    {
      "x": 0.3342927171784572,
      "y": 0.45878730478439445,
      "sound": "09"
    },
    {
      "x": 0.6330064153724712,
      "y": 0.49697697212891423,
      "sound": "10"
    }
  ],
  "backgroundSize": {
    "width": 554.8127177700349,
    "height": 730
  }
}