{
  "background": "7.png",
  "icons": [
    {
      "x": 0.5162216901519017,
      "y": 0.09379148585908469,
      "sound": "11"
    },
    {
      "x": 0.3072565669252877,
      "y": 0.12317086642823004,
      "sound": "12"
    }
  ],
  "backgroundSize": {
    "width": 554.8127177700349,
    "height": 730
  }
}