{
  "background": "8.png",
  "icons": [
    {
      "x": 0.5180241001687796,
      "y": 0.08831203380429016,
      "sound": "13"
    },
    {
      "x": 0.32708307711094536,
      "y": 0.4615270308117917,
      "sound": "14"
    },
    {
      "x": 0.6294015953387152,
      "y": 0.494237246101517,
      "sound": "15"
    }
  ],
  "backgroundSize": {
    "width": 554.8127177700349,
    "height": 730
  }
}