{
    "background": "9.webp",
    "icons": [
        {
            "x": 0.43511323939239316,
            "y": 0.09105175983168742,
            "sound": "16"
        },
        {
            "x": 0.3324903071615793,
            "y": 0.1259105924556273,
            "sound": "17"
        },
        {
            "x": 0.3428184026551182,
            "y": 0.4819084789782293,
            "sound": "18"
        }
    ],
    "backgroundSize": {
        "width": 554.8127177700349,
        "height": 730
    }
}