{
    "background": "17.webp",
    "icons": [
        {
            "x": 0.34859755858225067,
            "y": 0.09242162284538605,
            "sound": "32"
        },
        {
            "x": 0.31626861700967757,
            "y": 0.4533078527295999,
            "sound": "33"
        }
    ],
    "backgroundSize": {
        "width": 554.8127177700349,
        "height": 730
    }
}