{
    "background": "25.webp",
    "icons": [
        {
            "x": 0.5162216901519017,
            "y": 0.08831203380429016,
            "sound": "47"
        },
        {
            "x": 0.3018493368746538,
            "y": 0.12317086642823004,
            "sound": "48"
        }
    ],
    "backgroundSize": {
        "width": 554.8127177700349,
        "height": 730
    }
}