{
    "background": "30.webp",
    "icons": [
        {
            "x": 0.4333108293755152,
            "y": 0.17461340366730385,
            "sound": "56"
        },
        {
            "x": 0.3342927171784572,
            "y": 0.20947223629124373,
            "sound": "57"
        }
    ],
    "backgroundSize": {
        "width": 554.8127177700349,
        "height": 730
    }
}