{
    "background": "37.webp",
    "icons": [
        {
            "x": 0.34138791851473876,
            "y": 0.08968189681798878,
            "sound": "69"
        },
        {
            "x": 0.3126637969759216,
            "y": 0.42865031848302454,
            "sound": "70"
        }
    ],
    "backgroundSize": {
        "width": 554.8127177700349,
        "height": 730
    }
}