{
    "background": "44.webp",
    "icons": [
        {
            "x": 0.5144192801350237,
            "y": 0.09105175983168742,
            "sound": "84"
        },
        {
            "x": 0.3342927171784572,
            "y": 0.34645853766110674,
            "sound": "85"
        }
    ],
    "backgroundSize": {
        "width": 554.8127177700349,
        "height": 730
    }
}