{
    "background": "48.webp",
    "icons": [
        {
            "x": 0.386448168936688,
            "y": 0.1403668283248381,
            "sound": "93"
        },
        {
            "x": 0.3306878971447013,
            "y": 0.44371881163370946,
            "sound": "94"
        }
    ],
    "backgroundSize": {
        "width": 554.8127177700349,
        "height": 730
    }
}