{
  "background": "5.webp",
  "icons": [
    {
      "x": 0.3431903285316167,
      "y": 0.0951613488727833,
      "sound": "06"
    },
    {
      "x": 0.3190532928029493,
      "y": 0.3838797161781757,
      "sound": "07"
    }
  ],
  "backgroundSize": {
    "width": 718.2164634146341,
    "height": 945
  }
}