{
    "background": "52.webp",
    "icons": [
        {
            "x": 0.4333108293755152,
            "y": 0.144476417365934,
            "sound": "98"
        }
    ],
    "backgroundSize": {
        "width": 554.8127177700349,
        "height": 730
    }
}