{
    "background": "55.webp",
    "icons": [
        {
            "x": 0.4333108293755152,
            "y": 0.14721614339333125,
            "sound": "103"
        },
        {
            "x": 0.40819152787045393,
            "y": 0.36152703081179166,
            "sound": "104"
        }
    ],
    "backgroundSize": {
        "width": 554.8127177700349,
        "height": 730
    }
}